[{"fields":[{"displayName":"用户名","id":"m8q1vjsz2c959nbgo88y5fyb7fsk6gsk","name":"name","order":0,"type":"String"},{"defaultValue":"0","description":"-1订单取消\n0新下单发货\n1已收货待评价\n2订单已完成","displayName":"订单状态","enumElementType":"number","enumElements":[{"label":"订单取消","value":-1},{"label":"新下单待发货","value":0},{"label":"已收货待评价","value":1},{"label":"订单已完成","value":2}],"id":"f8sy1pq0eqkdx6umtvhhpj9s96k5h46z","name":"status","order":1,"type":"Enum"},{"displayName":"地址","id":"1cjixjfwmtd7eh00hm9hdks5r00o4v0o","name":"address","order":2,"type":"String"},{"displayName":"备注","id":"nf32xgjh2ah23vk9i10gevjme86p46fp","name":"beizhu","order":3,"type":"String"},{"dateFormatType":"timestamp-ms","description":"系统字段，请勿随意修改","displayName":"创建时间","id":"_createTime","isOrderField":false,"isSystem":true,"name":"_createTime","orderDirection":"desc","type":"DateTime"},{"dateFormatType":"timestamp-ms","description":"系统字段，请勿随意修改","displayName":"修改时间","id":"_updateTime","isSystem":true,"name":"_updateTime","type":"DateTime"},{"displayName":"订单总价格","id":"vm2elywssee8ukabunv55xmb40xfm69k","name":"totalPrice","order":8,"type":"String"},{"displayName":"手机号","id":"wfbjhkwhdrsminfcnwd2n8w99mdvepn1","name":"phone","order":8,"type":"String"},{"displayName":"商品信息","id":"wc6d6rmq22od4bz6zfqiei2huekpwmus","name":"good","order":8,"type":"Object"}],"collectionName":"order","displayName":"订单表","_id":"28ee4e3e6023cca1044f88c54cc7ca97"},{"fields":[{"displayName":"被评价商品名","id":"arm33po5xhjhtgk9lh5306oy9cwxer8u","name":"goodName","order":0,"type":"String"},{"displayName":"用户名","id":"r224f33upej3jk98qti3rk18joh8lz4n","name":"name","order":1,"type":"String"},{"displayName":"评论内容","id":"5y71d4sptzgp0xsayj28lhv263bcvgf1","name":"content","order":2,"type":"MultiLineString"},{"displayName":"订单号","id":"5sv5nbjy56xlqnlibg3lek2z694ic3sl","name":"orderId","order":3,"type":"String"},{"displayName":"用户头像","id":"uv9rsqgoexrraykjq3v4btbyooszyoco","name":"avatarUrl","order":4,"resourceLinkType":"https","type":"Image"},{"displayName":"被评价商品id","id":"w485l5iarq8b3vq37c7uf4k1rq9dab6k","name":"goodId","order":5,"type":"String"},{"dateFormatType":"timestamp-ms","description":"系统字段，请勿随意修改","displayName":"创建时间","id":"_createTime","isSystem":true,"name":"_createTime","type":"DateTime"},{"dateFormatType":"timestamp-ms","description":"系统字段，请勿随意修改","displayName":"修改时间","id":"_updateTime","isSystem":true,"name":"_updateTime","type":"DateTime"}],"collectionName":"pinglun","displayName":"评论","_id":"b00064a76023d836041d3bf4771dfc1f"},{"fields":[{"defaultValue":false,"displayName":"是否上首页推荐","id":"o5wg1i0owo8sgz3nhxkd7q7nxwtj4pas","name":"tuijian","order":0,"type":"Boolean"},{"displayName":"商品名","id":"zywuggbei0rbgouc9fmb2436autlnlyl","isRequired":true,"name":"name","order":1,"type":"String"},{"displayName":"商品价格","id":"jh3pruqvtmdblyy6n2epvni05btbhcbp","isRequired":true,"name":"price","order":2,"type":"Number"},{"defaultValue":"其他","displayName":"商品类型","id":"l9iaxb2r1cbs40ym4grm173p37zyo3so","isRequired":true,"name":"type","order":3,"type":"String"},{"displayName":"商品图片","id":"az83ab8fwyjtinwrofnvrtjlrrfp76ub","isMultiple":true,"name":"img","order":4,"resourceLinkType":"fileId","type":"Image"},{"defaultValue":0,"displayName":"商品数量","id":"5hscfgyt5eeez1dllapgq9m10x5gvxx4","name":"num","order":5,"type":"Number"},{"displayName":"上架下架","enumElementType":"string","enumElements":[{"label":"上架","value":"上架"},{"label":"下架","value":"下架"}],"id":"cc57xifgpfo7zh9mt3nez3nvtszn5f9y","name":"status","order":6,"type":"Enum"},{"displayName":"商品描述","id":"ifinow3hxrhlmihf8amvnamfw20ql73a","name":"content","order":7,"type":"MultiLineString"},{"dateFormatType":"timestamp-ms","description":"系统字段，请勿随意修改","displayName":"创建时间","id":"_createTime","isSystem":true,"name":"_createTime","type":"DateTime"},{"dateFormatType":"timestamp-ms","description":"系统字段，请勿随意修改","displayName":"修改时间","id":"_updateTime","isSystem":true,"name":"_updateTime","type":"DateTime"}],"collectionName":"goods","displayName":"商品表","_id":"28ee4e3e6031180e067ed75d3b344968"},{"fields":[{"dateFormatType":"timestamp-ms","description":"系统字段，请勿随意修改","displayName":"创建时间","id":"_createTime","isSystem":true,"name":"_createTime","type":"DateTime"},{"dateFormatType":"timestamp-ms","description":"系统字段，请勿随意修改","displayName":"修改时间","id":"_updateTime","isSystem":true,"name":"_updateTime","type":"DateTime"},{"displayName":"图片","id":"n1ywhthvr3pywyldiyzjonjzrigsueub","name":"picUrl","order":2,"resourceLinkType":"fileId","type":"Image"}],"collectionName":"lunbotu","displayName":"轮播图","description":"首页顶部轮播图，推荐热门菜品","_id":"b00064a7602371f8040333e766175a2e"}]