{
  "setting": {},
  "condition": {
    "plugin": {
      "list": []
    },
    "game": {
      "list": []
    },
    "gamePlugin": {
      "list": []
    },
    "miniprogram": {
      "list": [
        {
          "id": 1,
          "name": "我的订单",
          "pathName": "pages/myOrder/myOrder",
          "query": "",
          "scene": null
        },
        {
          "id": 1,
          "name": "首页",
          "pathName": "pages/index/index",
          "query": "",
          "scene": null
        },
        {
          "name": "pages/myComment/myComment",
          "pathName": "pages/myComment/myComment",
          "query": "goodid=79550af26033ab5b0676781a6ca0ea1a",
          "scene": null
        },
        {
          "name": "pages/mall/mall",
          "pathName": "pages/mall/mall",
          "query": "",
          "scene": null
        },
        {
          "name": "pages/pay/pay",
          "pathName": "pages/pay/pay",
          "query": "",
          "scene": null
        },
        {
          "name": "pages/detail/detail",
          "pathName": "pages/detail/detail",
          "query": "goodid=79550af26033ab5b0676781a6ca0ea1a",
          "scene": null
        },
        {
          "name": "pages/cart/cart",
          "pathName": "pages/cart/cart",
          "query": "",
          "scene": null
        },
        {
          "id": -1,
          "name": "pages/mycomment/mycomment",
          "pathName": "pages/mycomment/mycomment",
          "query": "",
          "scene": null
        },
        {
          "id": -1,
          "name": "pages/me/me",
          "pathName": "pages/me/me",
          "query": "",
          "scene": null
        },
        {
          "name": "pages/huishou/huishou",
          "pathName": "pages/huishou/huishou",
          "query": "",
          "scene": null
        },
        {
          "name": "pages/address/address",
          "pathName": "pages/address/address",
          "query": "",
          "scene": null
        },
        {
          "name": "pages/newGood/newGood",
          "pathName": "pages/newGood/newGood",
          "query": "",
          "scene": null
        },
        {
          "name": "pages/pay/pay",
          "pathName": "pages/pay/pay",
          "query": "",
          "scene": null
        }
      ]
    }
  }
}